algorithm,supercomputer,supercomputer-14
lm,8.668,7.97199999999998
glmnet,17.696,3.9780000000000086
ranger,49.423,32.858000000000004
xgbTree,220.04800000000003,21.634000000000015
