algorithm,supercomputer,supercomputer-14
lm,8.483,7.474000000000046
glmnet,18.221999999999998,3.548000000000002
ranger,50.521,35.674000000000035
xgbTree,229.95700000000002,22.557999999999993
