algorithm,supercomputer,supercomputer-14
lm,8.674000000000001,6.192999999999984
glmnet,17.846000000000004,3.184000000000026
ranger,46.922000000000004,32.09100000000001
xgbTree,220.606,19.499000000000024
